{"cameraMode":{"drawMode":0,"name":"Shaded","section":"Shading Mode"},"sceneLighting":true,"audioPlay":false,"sceneViewState":{"m_AlwaysRefresh":false,"showFog":true,"showSkybox":true,"showFlares":true,"showImageEffects":true,"showParticleSystems":true,"showVisualEffectGraphs":true,"m_FxEnabled":true},"in2DMode":false,"pivot":{"x":22.190834045410158,"y":53.92291259765625,"z":-26.703655242919923},"rotation":{"x":-0.3983032703399658,"y":-0.023924367502331735,"z":0.010395525023341179,"w":-0.9168962240219116},"size":0.33764714002609255,"orthographic":false}